{
    "jsonrpc":"2.0",
    "id":null,
    "result":{
       "res_charge":{
          "status":201,
          "data":{
             "duplicated":false,
             "object":"charge",
             "id":"chr_test_5SUHxiPobv7lrN7f",
             "creation_date":1589131852000,
             "amount":29850,
             "amount_refunded":0,
             "current_amount":29850,
             "installments":1,
             "installments_amount":29850,
             "currency_code":"PEN",
             "email":"majo888@gmail.com",
             "description":"[TL-WR940N] WIFI AP - ROUTER INALAMBRICO MIMO 450MBPS ADMINISTRABLE TL-WR94",
             "source":{
                "object":"token",
                "id":"tkn_test_j3UrJ05wnPL3T6qY",
                "type":"card",
                "creation_date":1589131846000,
                "email":"majo888@gmail.com",
                "card_number":"411111******1111",
                "last_four":"1111",
                "active":true,
                "iin":{
                   "object":"iin",
                   "bin":"411111",
                   "card_brand":"Visa",
                   "card_type":"credito",
                   "card_category":"Cl\u00e1sica",
                   "issuer":{
                      "name":"BBVA",
                      "country":"PERU",
                      "country_code":"PE",
                      "website":null,
                      "phone_number":null
                   },
                   "installments_allowed":[
                      2,
                      4,
                      6,
                      8,
                      10,
                      12,
                      3,
                      5,
                      7,
                      9,
                      24,
                      48
                   ]
                },
                "client":{
                   "ip":"186.147.245.190",
                   "ip_country":"Colombia",
                   "ip_country_code":"CO",
                   "browser":"UNKNOWN",
                   "device_fingerprint":null,
                   "device_type":"Escritorio"
                },
                "metadata":{
                   "installments":"1"
                }
             },
             "outcome":{
                "type":"venta_exitosa",
                "code":"AUT0000",
                "merchant_message":"La operaci\u00f3n de venta ha sido autorizada exitosamente",
                "user_message":"Su compra ha sido exitosa."
             },
             "fraud_score":16.0,
             "dispute":false,
             "capture":true,
             "reference_code":"4Si0VQJNey",
             "authorization_code":"KMnZfQ",
             "metadata":{
 
             },
             "total_fee":1405,
             "fee_details":{
                "fixed_fee":{
 
                },
                "variable_fee":{
                   "currency_code":"PEN",
                   "commision":0.0399,
                   "total":1191
                }
             },
             "total_fee_taxes":214,
             "transfer_amount":28445,
             "paid":false,
             "statement_descriptor":"CULQI*",
             "transfer_id":null,
             "capture_date":1589131852000
          }
       },
       "res_order_confirm":{
          "status":201,
          "data":{
             "object":"order",
             "id":"ord_test_qAc0Xz0lA8a7L9Gh",
             "amount":29850,
             "payment_code":"018195174",
             "currency_code":"PEN",
             "description":"[TL-WR940N] WIFI AP - ROUTER INALAMBRICO MIMO 450MBPS ADMINISTRABLE TL-WR94",
             "order_number":"SO011",
             "state":"pending",
             "total_fee":null,
             "net_amount":null,
             "fee_details":null,
             "creation_date":1589131851,
             "expiration_date":1893474000,
             "updated_at":null,
             "paid_at":null,
             "available_on":null,
             "metadata":{
 
             }
          }
       },
       "_customer":{
          "object":"customer",
          "id":"cus_test_ifkGEp7QCWfUXI4H",
          "creation_date":1589131850072,
          "email":"majo888@gmail.com",
          "antifraud_details":{
             "first_name":"centrodediagnosticomedicosantafesac",
             "last_name":"not defined",
             "address":"Jr. abtao nro. 1261 (frente al parque amarilis)  huanuco huanuco huanuco",
             "address_city":"HUANUCO",
             "country_code":"PE",
             "phone":"784563",
             "object":"client"
          },
          "metadata":{
 
          }
       },
       "_order":{
          "object":"order",
          "id":"ord_test_qAc0Xz0lA8a7L9Gh",
          "amount":29850,
          "payment_code":null,
          "currency_code":"PEN",
          "description":"[TL-WR940N] WIFI AP - ROUTER INALAMBRICO MIMO 450MBPS ADMINISTRABLE TL-WR94",
          "order_number":"SO011",
          "state":"created",
          "total_fee":null,
          "net_amount":null,
          "fee_details":null,
          "creation_date":1589131851,
          "expiration_date":1893474000,
          "updated_at":null,
          "paid_at":null,
          "available_on":null,
          "metadata":{
 
          }
       },
       "token":"tkn_test_j3UrJ05wnPL3T6qY",
       "culqi_preference":{
          "title":"SO011",
          "description":"[TL-WR940N] WIFI AP - ROUTER INALAMBRICO MIMO 450MBPS ADMINISTRABLE TL-WR94",
          "amount":29850
       }
    }
 }